{
  "1": [
    [
      50.94016,
      6.81605
    ],
    [
      50.93833,
      6.82908
    ],
    [
      50.93817,
      6.83562
    ],
    [
      50.9381,
      6.84563
    ],
    [
      50.93795,
      6.85551
    ],
    [
      50.93765,
      6.86921
    ],
    [
      50.93759,
      6.87501
    ],
    [
      50.93769,
      6.88187
    ],
    [
      50.93743,
      6.88997
    ],
    [
      50.93729,
      6.8948
    ],
    [
      50.9372,
      6.89982
    ],
    [
      50.93703,
      6.90769
    ],
    [
      50.93673,
      6.91705
    ],
    [
      50.93665,
      6.92427
    ],
    [
      50.93557,
      6.93229
    ],
    [
      50.93586,
      6.94048
    ],
    [
      50.93576,
      6.94811
    ],
    [
      50.93576,
      6.96046
    ],
    [
      50.93805,
      6.97142
    ],
    [
      50.93963,
      6.97841
    ],
    [
      50.93659,
      6.98593
    ],
    [
      50.93756,
      6.99896
    ],
    [
      50.93892,
      7.00883
    ],
    [
      50.94161,
      7.02316
    ],
    [
      50.94175,
      7.02973
    ],
    [
      50.94277,
      7.0431
    ],
    [
      50.94393,
      7.04767
    ],
    [
      50.94783,
      7.07361
    ],
    [
      50.94884,
      7.0786
    ],
    [
      50.95197,
      7.1052
    ],
    [
      50.95397,
      7.11665
    ],
    [
      50.95663,
      7.12959
    ],
    [
      50.96076,
      7.13673
    ],
    [
      50.96325,
      7.14249
    ],
    [
      50.96267,
      7.14931
    ],
    [
      50.9632,
      7.15658
    ],
    [
      50.96347,
      7.16196
    ]
  ],
  "3": [
    [
      50.98058,
      6.87009
    ],
    [
      50.97568,
      6.87112
    ],
    [
      50.97144,
      6.87013
    ],
    [
      50.9692,
      6.87335
    ],
    [
      50.96733,
      6.87877
    ],
    [
      50.96502,
      6.88479
    ],
    [
      50.96031,
      6.89459
    ],
    [
      50.95658,
      6.90337
    ],
    [
      50.95446,
      6.90974
    ],
    [
      50.94998,
      6.91654
    ],
    [
      50.94806,
      6.92085
    ],
    [
      50.9458,
      6.92628
    ],
    [
      50.9432,
      6.93366
    ],
    [
      50.94053,
      6.93983
    ],
    [
      50.93992,
      6.95054
    ],
    [
      50.93576,
      6.94811
    ],
    [
      50.93169,
      6.95008
    ],
    [
      50.92923,
      6.95747
    ],
    [
      50.93287,
      6.97649
    ],
    [
      50.93922,
      6.97858
    ],
    [
      50.94358,
      6.98227
    ],
    [
      50.94859,
      6.9934
    ],
    [
      50.95096,
      7.0048
    ],
    [
      50.95339,
      7.01502
    ],
    [
      50.95808,
      7.02535
    ],
    [
      50.96127,
      7.031
    ],
    [
      50.96692,
      7.03916
    ],
    [
      50.96787,
      7.04494
    ],
    [
      50.96945,
      7.05517
    ],
    [
      50.97179,
      7.06457
    ],
    [
      50.97461,
      7.07458
    ],
    [
      50.97808,
      7.08598
    ]
  ],
  "4": [
    [
      50.9692,
      6.87335
    ],
    [
      50.96733,
      6.87877
    ],
    [
      50.96502,
      6.88479
    ],
    [
      50.96031,
      6.89459
    ],
    [
      50.95658,
      6.90337
    ],
    [
      50.95446,
      6.90974
    ],
    [
      50.94998,
      6.91654
    ],
    [
      50.94806,
      6.92085
    ],
    [
      50.9458,
      6.92628
    ],
    [
      50.9432,
      6.93366
    ],
    [
      50.94053,
      6.93983
    ],
    [
      50.93992,
      6.95054
    ],
    [
      50.93576,
      6.94811
    ],
    [
      50.93169,
      6.95008
    ],
    [
      50.92923,
      6.95747
    ],
    [
      50.93287,
      6.97649
    ],
    [
      50.93922,
      6.97858
    ],
    [
      50.94358,
      6.98227
    ],
    [
      50.94859,
      6.9934
    ],
    [
      50.95589,
      7.00053
    ],
    [
      50.96152,
      7.00517
    ],
    [
      50.96629,
      7.00687
    ],
    [
      50.97058,
      7.01154
    ],
    [
      50.97496,
      7.01481
    ],
    [
      50.98078,
      7.02286
    ],
    [
      50.98948,
      7.03032
    ],
    [
      50.99607,
      7.0374
    ],
    [
      51.00096,
      7.04191
    ],
    [
      51.01877,
      7.04455
    ]
  ],
  "5": [
    [
      50.93576,
      6.96046
    ],
    [
      50.93793,
      6.95956
    ],
    [
      50.94182,
      6.95763
    ],
    [
      50.93992,
      6.95054
    ],
    [
      50.94053,
      6.93983
    ],
    [
      50.9432,
      6.93366
    ],
    [
      50.95023,
      6.92866
    ],
    [
      50.95174,
      6.9252
    ],
    [
      50.95469,
      6.92128
    ],
    [
      50.95678,
      6.92337
    ],
    [
      50.95864,
      6.91831
    ],
    [
      50.96469,
      6.91264
    ],
    [
      50.96831,
      6.9055
    ],
    [
      50.97348,
      6.90476
    ],
    [
      50.97748,
      6.89862
    ],
    [
      50.98178,
      6.89459
    ],
    [
      50.98459,
      6.88866
    ]
  ],
  "7": [
    [
      50.90436,
      6.79765
    ],
    [
      50.90815,
      6.80176
    ],
    [
      50.90945,
      6.80631
    ],
    [
      50.9101,
      6.81615
    ],
    [
      50.91147,
      6.82243
    ],
    [
      50.91574,
      6.84892
    ],
    [
      50.91764,
      6.85913
    ],
    [
      50.92008,
      6.87753
    ],
    [
      50.92595,
      6.89818
    ],
    [
      50.92874,
      6.90857
    ],
    [
      50.93106,
      6.90805
    ],
    [
      50.93703,
      6.90769
    ],
    [
      50.93673,
      6.91705
    ],
    [
      50.93665,
      6.92427
    ],
    [
      50.93557,
      6.93229
    ],
    [
      50.93586,
      6.94048
    ],
    [
      50.93576,
      6.94811
    ],
    [
      50.93576,
      6.96046
    ],
    [
      50.93805,
      6.97142
    ],
    [
      50.93057,
      6.97236
    ],
    [
      50.92864,
      6.97469
    ],
    [
      50.924,
      6.97967
    ],
    [
      50.91992,
      6.98606
    ],
    [
      50.9161,
      6.99318
    ],
    [
      50.91494,
      6.99982
    ],
    [
      50.90644,
      7.01516
    ],
    [
      50.90108,
      7.02631
    ],
    [
      50.89959,
      7.03078
    ],
    [
      50.89696,
      7.04756
    ],
    [
      50.89189,
      7.05606
    ],
    [
      50.88463,
      7.05915
    ],
    [
      50.87395,
      7.05995
    ],
    [
      50.8659,
      7.04872
    ]
  ],
  "9": [
    [
      50.91731,
      6.90753
    ],
    [
      50.91923,
      6.91047
    ],
    [
      50.92008,
      6.91548
    ],
    [
      50.92237,
      6.92199
    ],
    [
      50.92395,
      6.9267
    ],
    [
      50.92599,
      6.9312
    ],
    [
      50.92842,
      6.93609
    ],
    [
      50.93175,
      6.9405
    ],
    [
      50.93469,
      6.94507
    ],
    [
      50.93576,
      6.94811
    ],
    [
      50.93576,
      6.96046
    ],
    [
      50.93805,
      6.97142
    ],
    [
      50.93963,
      6.97841
    ],
    [
      50.93659,
      6.98593
    ],
    [
      50.93756,
      6.99896
    ],
    [
      50.93892,
      7.00883
    ],
    [
      50.9327,
      7.02226
    ],
    [
      50.92916,
      7.0424
    ],
    [
      50.92704,
      7.05427
    ],
    [
      50.9237,
      7.06657
    ],
    [
      50.9217,
      7.07477
    ],
    [
      50.92045,
      7.08067
    ],
    [
      50.92029,
      7.09024
    ],
    [
      50.91984,
      7.09644
    ]
  ],